{
  "shared_positions": {
    "topLeft": [
      -695.0734,
      -236.6597,
      -1331.675
    ],
    "topRight": [
      -695.0734,
      123.3403,
      -1331.675
    ],
    "bottomLeft": [
      -405.0734,
      -156.6597,
      -1501.675
    ],
    "bottomRight": [
      -395.0734,
      123.3403,
      -1511.675
    ],
    "cameraPosition": [
      -105.0734,
      33.3403,
      -1601.675
    ]
  },
  "shared_status": {
    "Homing": "complete",
    "Connect Wires": "complete",
    "Corner Calibration": "complete",
    "Camera Calibration": "complete",
    "Final Checklist": "pending"
  },
  "camera_transform": [
    {
      "id": 1,
      "x": 369.5817490494296,
      "y": 999.3253012048192
    },
    {
      "id": 2,
      "x": 1001.977186311787,
      "y": 1337.0602409638554
    },
    {
      "id": 3,
      "x": 698.0988593155893,
      "y": 1920
    },
    {
      "id": 4,
      "x": 65.70342205323193,
      "y": 1473.5421686746988
    }
  ],
  "movement_settings": {
    "normal_speed": 1600,
    "drawing_speed": 1200
  }
}